IP,总提问次数,问题1
192.168.0.87,1,算法
10.97.203.252,19,什么是冒泡,给我它的代码,冒泡啊冒泡,如何优化冒泡？,冒泡趟数,评价一下我本节课的学习历程,冒泡代码,"def bubble_sort(arr):
    n = len(arr)
    # 遍历所有数组元素
    for i in range(n):
        # 最内层循环从0到n-i-1，因为后面i个元素已经是排序好的
        for j in range(0, n +1):
            # 遇到相邻元素不有序的情况，进行交换
            if arr[j] > arr[j + 1]:
                arr[j], arr[j + 1] = arr[j + 1], arr[j]
    return arr

代码报错了，如何解决",评价一下我本节课的学习历程,再从其他角度评价一下我的学习过程，还可以怎么深入学习冒泡,双端冒泡,你好,你好好,你好,你是谁,你好,你好好,你是哪个公司的,你好 你是谁
10.97.201.149,2,你好 你是,我要O泡不要冒泡
183.246.85.102,1,nih
10.97.0.30,5,nh,速度,你是,你是,你是谁
